,Total population,Male,Female,Sex ratio (males per 100 females),Under 5 years,5 to 9 years,10 to 14 years,15 to 19 years,20 to 24 years,25 to 34 years,35 to 44 years,45 to 54 years,55 to 59 years,60 to 64 years,PrimeAge,65 to 74 years,75 to 84 years,85 years and over,Median age (years),Under 18 years,16 years and over,18 years and over,21 years and over,62 years and over,65 years and over,18 years and over,Male,Female,Sex ratio (males per 100 females),65 years and over,Male,Female,Sex ratio (males per 100 females),RACE,Total population,One race,Two or more races,One race,White,Black or African American,American Indian and Alaska Native,Cherokee tribal grouping,Chippewa tribal grouping,Navajo tribal grouping,Sioux tribal grouping,Asian,Asian Indian,Chinese,Filipino,Japanese,Korean,Vietnamese,Other Asian,Native Hawaiian and Other Pacific Islander,Native Hawaiian,Chamorro,Samoan,Other Pacific Islander,Some other race,Two or more races,White and Black or African American,White and American Indian and Alaska Native,White and Asian,Black or African American and American Indian and Alaska Native,Race alone or in combination with one or more other races,Total population,White,Black or African American,American Indian and Alaska Native,Asian,Native Hawaiian and Other Pacific Islander,Some other race,HISPANIC OR LATINO AND RACE,Total population,Hispanic or Latino (of any race),Mexican,Puerto Rican,Cuban,Other Hispanic or Latino,Not Hispanic or Latino,White alone,Black or African American alone,American Indian and Alaska Native alone,Asian alone,Native Hawaiian and Other Pacific Islander alone,Some other race alone,Two or more races,Two races including Some other race,Two races excluding Some other race and Three or more races,Total housing units,CITIZEN VOTING AGE POPULATION,Citizen 18 and over population,Male,Female
Alabama,4997675.00,2429703.00,2567972.00,94.6,295632.00,301814.00,329794.00,329732.00,326900,647247,615110,633931,337355,335733,4153248,511902.00,248809.00,83716.00,39.3,1122381.00,4005499.00,3875294.00,3666945.00,1042368.00,844427.00,3875294.00,1855656.00,2019638.00,91.9,844427.00,372139.00,472288.00,78.8,,4997675.00,4842360.00,155315.00,4842360.00,3338590.00,1324233.00,21661.00,6646.00,204,149,253,70161.00,13689.00,14040.00,6362.00,2891.00,12815.00,10609.00,9755.00,1702.00,854,374,113,361,86013.00,155315.00,39236.00,34892.00,16138.00,5378.00,,4997675.00,3479535.00,1381411.00,68630.00,93041.00,5832.00,135130.00,,4997675.00,224659.00,131817.00,23911.00,6998.00,61933.00,4773016.00,3241003.00,1316314.00,17417.00,69331.00,1594.00,12504.00,114853.00,12446.00,102407.00,2278526.00,,3782980.00,1806826.00,1976154.00
Alaska,735951.00,384749.00,351202.00,109.6,50791.00,53270.00,49647.00,47081.00,50780,116525,96664,87719,47145,46141,645763,61465.00,22095.00,6628.00,35.0,182734.00,572165.00,553217.00,525539.00,116581.00,90188.00,553217.00,290943.00,262274.00,110.9,90188.00,45027.00,45161.00,99.7,,735951.00,662005.00,73946.00,662005.00,458520.00,23721.00,107531.00,976,492,89,315,47213.00,870,2805.00,25945.00,1377.00,4731.00,861,10624.00,10766.00,1325.00,454,6721.00,2266.00,14254.00,73946.00,6997.00,31419.00,10054.00,1771.00,,735951.00,525009.00,37173.00,148918.00,64667.00,16413.00,25853.00,,735951.00,53604.00,27834.00,7739.00,2088.00,15943.00,682347.00,434515.00,22787.00,104399.00,46455.00,10500.00,3589.00,60102.00,3352.00,56750.00,324434.00,,532632.00,281085.00,251547.00
Arizona,7079203.00,3533895.00,3545308.00,99.7,412606.00,440221.00,480043.00,476470.00,477856,966670,882914,838963,432889,426712,5835344,731373.00,379268.00,133218.00,38.1,1614435.00,5650624.00,5464768.00,5171978.00,1495201.00,1243859.00,5464768.00,2709492.00,2755276.00,98.3,1243859.00,576938.00,666921.00,86.5,,7079203.00,6344182.00,735021.00,6344182.00,4985729.00,318827.00,300862.00,2934.00,692,143191.00,1736.00,234495.00,63725.00,44385.00,43273.00,10253.00,14872.00,27068.00,30919.00,13979.00,4402.00,2767.00,1609.00,5201.00,490290.00,735021.00,71036.00,70844.00,64049.00,7691.00,,7079203.00,5675246.00,431870.00,413837.00,330068.00,33431.00,975548.00,,7079203.00,2257429.00,1962216.00,51651.00,18063.00,225499.00,4821774.00,3781665.00,299877.00,256947.00,228292.00,12623.00,18441.00,223929.00,25540.00,198389.00,3056890.00,,5000102.00,2476974.00,2523128.00
Arkansas,3006309.00,1483520.00,1522789.00,97.4,184580.00,195648.00,203248.00,203530.00,198013,388499,376431,364713,196544,189742,2500948,300307.00,150237.00,54817.00,38.3,705785.00,2382255.00,2300524.00,2175436.00,614919.00,505361.00,2300524.00,1120875.00,1179649.00,95.0,505361.00,226725.00,278636.00,81.4,,3006309.00,2847206.00,159103.00,2847206.00,2227020.00,458086.00,17459.00,6086.00,63,261,89,46388.00,11521.00,6063.00,4758.00,1153.00,2631.00,6239.00,14023.00,10627.00,477,113,599,9438.00,87626.00,159103.00,26533.00,39530.00,10595.00,2801.00,,3006309.00,2378184.00,494417.00,64805.00,61601.00,13594.00,160097.00,,3006309.00,236001.00,168601.00,8302.00,2755.00,56343.00,2770308.00,2123715.00,455748.00,13665.00,45575.00,10408.00,6267.00,114930.00,33201.00,81729.00,1361880.00,,2211566.00,1072583.00,1138983.00
California,39455353.00,19714044.00,19741309.00,99.9,2350335.00,2434113.00,2658361.00,2588625.00,2626849,5941622,5341049,5043403,2502174,2298943,33785474,3363447.00,1581471.00,724961.00,37.0,8992432.00,31499704.00,30462921.00,28890148.00,6993526.00,5669879.00,30462921.00,15109534.00,15353387.00,98.4,5669879.00,2549526.00,3120353.00,81.7,,39455353.00,35220136.00,4235217.00,35220136.00,20553732.00,2233258.00,360607.00,14026.00,2448.00,9607.00,3136.00,5887396.00,829193.00,1616619.00,1288497.00,260003.00,471071.00,671401.00,750612.00,148278.00,23863.00,21545.00,35980.00,66890.00,6036865.00,4235217.00,307416.00,291815.00,626493.00,34944.00,,39455353.00,24407973.00,2827328.00,920261.00,6847247.00,333632.00,8703265.00,,39455353.00,15593787.00,12745942.00,230981.00,108567.00,2508297.00,23861566.00,14109297.00,2128184.00,124341.00,5802086.00,134692.00,149096.00,1413870.00,146794.00,1267076.00,14328539.00,,25916215.00,12796956.00,13119259.00
Colorado,5723176.00,2895936.00,2827240.00,102.4,324246.00,347653.00,370266.00,369984.00,373987,889933,805249,712196,365606,344802,4903922,518368.00,212622.00,88264.00,37.1,1262735.00,4606399.00,4460441.00,4237142.00,1019076.00,819254.00,4460441.00,2248684.00,2211757.00,101.7,819254.00,379264.00,439990.00,86.2,,5723176.00,5245106.00,478070.00,5245106.00,4507448.00,234065.00,53143.00,3416.00,733,8438.00,3234.00,183391.00,31077.00,35008.00,18438.00,10602.00,20396.00,27114.00,40756.00,8192.00,2573.00,2032.00,1096.00,2491.00,258867.00,478070.00,51239.00,58286.00,55997.00,4497.00,,5723176.00,4958578.00,315923.00,143399.00,259198.00,22207.00,539195.00,,5723176.00,1254636.00,905922.00,37631.00,13393.00,297690.00,4468540.00,3821828.00,222572.00,26070.00,180192.00,7357.00,18010.00,192511.00,32189.00,160322.00,2454873.00,,4194478.00,2108677.00,2085801.00
Connecticut,3605330.00,1768860.00,1836470.00,96.3,182122.00,196540.00,224371.00,245790.00,241370,445861,439098,488283,269688,252028,2985151,357409.00,173149.00,89621.00,41.0,744491.00,2954661.00,2860839.00,2705628.00,765033.00,620179.00,2860839.00,1387946.00,1472893.00,94.2,620179.00,273903.00,346276.00,79.1,,3605330.00,3378063.00,227267.00,3378063.00,2595884.00,389290.00,8714.00,503,68,105,40,167308.00,63667.00,39124.00,12836.00,3497.00,10294.00,10162.00,27728.00,1262.00,359,190,270,443,215605.00,227267.00,47610.00,13318.00,23948.00,4595.00,,3605330.00,2796534.00,471249.00,38241.00,201210.00,6454.00,339032.00,,3605330.00,610065.00,63513.00,298272.00,14015.00,234265.00,2995265.00,2340848.00,359156.00,4225.00,165872.00,761,18819.00,105584.00,23005.00,82579.00,1527039.00,,2638024.00,1273727.00,1364297.00
Delaware,981892.00,477219.00,504673.00,94.6,54234.00,56481.00,60792.00,61884.00,57883,127878,115773,121235,69719,69638,795517,113956.00,53708.00,18711.00,41.1,207645.00,798798.00,774247.00,734748.00,228241.00,186375.00,774247.00,371708.00,402539.00,92.3,186375.00,84006.00,102369.00,82.1,,981892.00,932380.00,49512.00,932380.00,645409.00,215745.00,3064.00,286,17,0,13,39684.00,16888.00,8955.00,4320.00,811,2213.00,2135.00,4362.00,383,65,71,86,161,28095.00,49512.00,16131.00,3566.00,4420.00,1883.00,,981892.00,687652.00,241074.00,10981.00,47423.00,1516.00,46928.00,,981892.00,95278.00,35568.00,28396.00,1252.00,30062.00,886614.00,597040.00,211387.00,2084.00,39398.00,299,3662.00,32744.00,3397.00,29347.00,445104.00,,733786.00,351139.00,382647.00
Florida,21339762.00,10489548.00,10850214.00,96.7,1118794.00,1147901.00,1252281.00,1227017.00,1244479,2742442,2626930,2735230,1481932,1415791,16992797,2442673.00,1359110.00,545182.00,42.3,4261313.00,17577024.00,17078449.00,16343644.00,5171900.00,4346965.00,17078449.00,8311172.00,8767277.00,94.8,4346965.00,1976902.00,2370063.00,83.4,,21339762.00,19338037.00,2001725.00,19338037.00,14449017.00,3358469.00,54466.00,6576.00,1187.00,641,642,596862.00,175398.00,104622.00,108338.00,15580.00,26215.00,85179.00,81530.00,13065.00,2976.00,2834.00,1413.00,5842.00,866158.00,2001725.00,244135.00,89438.00,112808.00,13747.00,,21339762.00,16318319.00,3774605.00,206539.00,782929.00,41423.00,2325691.00,,21339762.00,5593090.00,724282.00,1186681.00,1534465.00,2147662.00,15746672.00,11217187.00,3223893.00,31002.00,585096.00,10749.00,102728.00,576017.00,120318.00,455699.00,9764897.00,,15394161.00,7450989.00,7943172.00
Georgia,10625615.00,5191616.00,5433999.00,95.5,643718.00,686126.00,754667.00,752682.00,712566,1461985,1408856,1410815,691536,622832,9145783,924763.00,408963.00,146106.00,37.1,2532197.00,8385039.00,8093418.00,7638305.00,1838668.00,1479832.00,8093418.00,3898631.00,4194787.00,92.9,1479832.00,650976.00,828856.00,78.5,,10625615.00,10110712.00,514903.00,10110712.00,5934931.00,3350903.00,34928.00,4113.00,430,208,314,448181.00,159731.00,62474.00,26945.00,9429.00,60124.00,61474.00,68004.00,6894.00,1900.00,2240.00,669,2085.00,334875.00,514903.00,121105.00,46819.00,51986.00,14059.00,,10625615.00,6377771.00,3552354.00,127492.00,534717.00,20632.00,571219.00,,10625615.00,1048474.00,567527.00,114013.00,37752.00,329182.00,9577141.00,5462673.00,3309398.00,13866.00,444677.00,5254.00,44958.00,296315.00,37953.00,258362.00,4375039.00,,7568124.00,3622153.00,3945971.00
Hawaii,1453498.00,732172.00,721326.00,101.5,87767.00,86980.00,88005.00,79517.00,90807,202540,188445,175158,92283,93207,1184709,155654.00,73914.00,39221.00,39.6,311020.00,1174511.00,1142478.00,1095872.00,324039.00,268789.00,1142478.00,571772.00,570706.00,100.2,268789.00,123186.00,145603.00,84.6,,1453498.00,1098484.00,355014.00,1098484.00,344295.00,28142.00,4286.00,566,40,387,50,544643.00,2448.00,57489.00,213048.00,173351.00,25632.00,11741.00,60934.00,153485.00,93745.00,2828.00,13982.00,42930.00,23633.00,355014.00,6859.00,8506.00,77776.00,1113.00,,1453498.00,615223.00,53159.00,34910.00,818123.00,382273.00,57997.00,,1453498.00,158741.00,51074.00,53050.00,1919.00,52698.00,1294757.00,310216.00,26521.00,2326.00,534056.00,142973.00,3230.00,275435.00,3662.00,271773.00,556937.00,,1045232.00,530534.00,514698.00
Idaho,1811617.00,912529.00,899088.00,101.5,114969.00,126381.00,136714.00,130056.00,118300,235303,233188,207825,111218,110565,1524519,178019.00,80285.00,28794.00,36.8,458830.00,1405245.00,1352787.00,1279063.00,352908.00,287098.00,1352787.00,677402.00,675385.00,100.3,287098.00,136928.00,150170.00,91.2,,1811617.00,1708307.00,103310.00,1708307.00,1567799.00,12242.00,22799.00,1287.00,513,990,779,24616.00,3258.00,5524.00,3836.00,2533.00,1561.00,1998.00,5906.00,3016.00,1198.00,570,245,1003.00,77835.00,103310.00,8130.00,19401.00,15188.00,176,,1811617.00,1667757.00,22668.00,47870.00,44783.00,7831.00,130858.00,,1811617.00,234561.00,194331.00,6356.00,1250.00,32624.00,1577056.00,1459942.00,11392.00,17174.00,23902.00,2519.00,6507.00,55620.00,11458.00,44162.00,742145.00,,1298422.00,648587.00,649835.00
Illinois,12821813.00,6332176.00,6489637.00,97.6,745681.00,781334.00,846355.00,850104.00,833461,1751542,1676721,1640483,869497,813900,10809078,1190287.00,567251.00,255197.00,38.5,2887351.00,10275978.00,9934462.00,9431413.00,2479935.00,2012735.00,9934462.00,4856976.00,5077486.00,95.7,2012735.00,890219.00,1122516.00,79.3,,12821813.00,12072713.00,749100.00,12072713.00,8699413.00,1804013.00,42714.00,2156.00,843,495,269,725482.00,252931.00,134875.00,128259.00,17174.00,58909.00,31821.00,101513.00,5111.00,2160.00,587,817,1547.00,795980.00,749100.00,117431.00,47878.00,90306.00,8601.00,,12821813.00,9393994.00,1979083.00,130460.00,847986.00,16337.00,1246150.00,,12821813.00,2250076.00,1753117.00,204867.00,28637.00,263455.00,10571737.00,7721282.00,1773138.00,10358.00,718559.00,3048.00,34562.00,310790.00,42791.00,267999.00,5412995.00,,9133896.00,4441729.00,4692167.00
Indiana,6751340.00,3344360.00,3406980.00,98.2,415542.00,435910.00,462360.00,471419.00,464895,878932,843453,838946,450414,431922,5693793,636561.00,293573.00,127413.00,37.9,1592087.00,5343229.00,5159253.00,4868669.00,1308002.00,1057547.00,5159253.00,2528944.00,2630309.00,96.1,1057547.00,472493.00,585054.00,80.8,,6751340.00,6463387.00,287953.00,6463387.00,5483296.00,635076.00,11399.00,2250.00,233,184,186,163657.00,46292.00,32937.00,15092.00,6023.00,10583.00,9411.00,43319.00,2276.00,740,335,231,970,167683.00,287953.00,92316.00,35534.00,29416.00,3198.00,,6751340.00,5753102.00,749882.00,59943.00,203251.00,7964.00,280827.00,,6751340.00,494408.00,348747.00,47024.00,6631.00,92006.00,6256932.00,5255601.00,625756.00,6863.00,162123.00,1982.00,19449.00,185158.00,20447.00,164711.00,2911562.00,,4964971.00,2425134.00,2539837.00
Iowa,3179090.00,1590001.00,1589089.00,100.1,194570.00,204850.00,215162.00,219617.00,225007,394731,392662,371831,210808,209310,2638548,313218.00,153189.00,74135.00,38.3,742175.00,2523649.00,2436915.00,2294157.00,662164.00,540542.00,2436915.00,1210444.00,1226471.00,98.7,540542.00,245458.00,295084.00,83.2,,3179090.00,3055325.00,123765.00,3055325.00,2795319.00,119036.00,10889.00,481,201,188,1490.00,79188.00,15657.00,12293.00,5610.00,1223.00,6593.00,10538.00,27274.00,4182.00,484,400,191,3107.00,46711.00,123765.00,34765.00,15028.00,15834.00,1584.00,,3179090.00,2912885.00,162585.00,32815.00,100176.00,6994.00,94966.00,,3179090.00,203048.00,153450.00,8968.00,2890.00,37740.00,2976042.00,2681793.00,116206.00,7337.00,78532.00,3920.00,5069.00,83185.00,12570.00,70615.00,1407100.00,,2348191.00,1161896.00,1186295.00
Kansas,2932099.00,1468152.00,1463947.00,100.3,185276.00,202756.00,204148.00,206145.00,211823,377981,366623,337255,187614,188450,2468071,273373.00,128191.00,62464.00,37.0,714151.00,2299477.00,2217948.00,2088839.00,575027.00,464028.00,2217948.00,1101605.00,1116343.00,98.7,464028.00,210512.00,253516.00,83.0,,2932099.00,2752643.00,179456.00,2752643.00,2386766.00,165291.00,21657.00,4091.00,138,710,832,87946.00,20172.00,14230.00,6272.00,2147.00,5274.00,15419.00,24432.00,2196.00,296,336,341,1223.00,88787.00,179456.00,41231.00,33594.00,17521.00,3221.00,,2932099.00,2556974.00,220038.00,67761.00,112323.00,6372.00,161254.00,,2932099.00,362053.00,292037.00,14402.00,4189.00,51425.00,2570046.00,2192497.00,159382.00,15363.00,86670.00,1784.00,6941.00,107409.00,9899.00,97510.00,1272290.00,,2110053.00,1045472.00,1064581.00
Kentucky,4494141.00,2223783.00,2270358.00,97.9,270859.00,279548.00,295536.00,296028.00,298606,581740,560926,573036,308608,294403,3759290,450280.00,209934.00,74637.00,39.0,1021909.00,3588209.00,3472232.00,3286659.00,906249.00,734851.00,3472232.00,1699092.00,1773140.00,95.8,734851.00,328731.00,406120.00,80.9,,4494141.00,4335263.00,158878.00,4335263.00,3842383.00,361703.00,7114.00,1680.00,267,66,233,68737.00,17250.00,11602.00,7134.00,3284.00,5031.00,5137.00,19299.00,3961.00,856,1146.00,346,1613.00,51365.00,158878.00,57680.00,22832.00,16086.00,2599.00,,4494141.00,3992085.00,433820.00,38815.00,90545.00,6910.00,101442.00,,4494141.00,174359.00,92293.00,17865.00,20284.00,43917.00,4319782.00,3759079.00,356610.00,4877.00,68112.00,3340.00,10256.00,117508.00,11790.00,105718.00,1988420.00,,3378375.00,1647932.00,1730443.00
Louisiana,4657305.00,2283561.00,2373744.00,96.2,297359.00,300857.00,318473.00,301053.00,305708,647235,601213,555655,309070,298236,3934859,443472.00,200049.00,78925.00,37.4,1101083.00,3679521.00,3556222.00,3370570.00,895121.00,722446.00,3556222.00,1721433.00,1834789.00,93.8,722446.00,320459.00,401987.00,79.7,,4657305.00,4479664.00,177641.00,4479664.00,2805875.00,1486002.00,25550.00,2122.00,65,398,120,80438.00,11596.00,12026.00,8583.00,1859.00,2991.00,30544.00,12839.00,2172.00,651,603,391,527,79627.00,177641.00,48555.00,25342.00,15310.00,6405.00,,4657305.00,2965411.00,1559830.00,66958.00,102530.00,5216.00,149426.00,,4657305.00,248782.00,85719.00,14469.00,12231.00,136363.00,4408523.00,2693832.00,1475549.00,21492.00,79562.00,2017.00,16965.00,119106.00,15162.00,103944.00,2066323.00,,3455661.00,1666355.00,1789306.00
Maine,1357046.00,668308.00,688738.00,97.0,63932.00,69530.00,74056.00,79853.00,74775,162251,158307,179107,106765,107649,1076225,171259.00,77635.00,31927.00,44.7,254585.00,1134793.00,1102461.00,1054232.00,343187.00,280821.00,1102461.00,537298.00,565163.00,95.1,280821.00,129191.00,151630.00,85.2,,1357046.00,1310145.00,46901.00,1310145.00,1261097.00,19525.00,7578.00,217,50,42,117,14917.00,2297.00,4144.00,2036.00,583,1108.00,1431.00,3318.00,228,51,85,45,47,6800.00,46901.00,6986.00,13726.00,7562.00,238,,1357046.00,1306423.00,28996.00,23381.00,23956.00,1450.00,22568.00,,1357046.00,24526.00,7638.00,5901.00,1327.00,9660.00,1332520.00,1248581.00,18834.00,6953.00,14789.00,188,3296.00,39879.00,9778.00,30101.00,737782.00,,1082844.00,528235.00,554609.00
Maryland,6148545.00,2995146.00,3153399.00,95.0,363466.00,377194.00,396459.00,394588.00,376043,829899,805385,820246,432973,402402,5198655,569778.00,266730.00,113382.00,38.9,1373149.00,4931565.00,4775396.00,4540884.00,1182693.00,949890.00,4775396.00,2293634.00,2481762.00,92.4,949890.00,415044.00,534846.00,77.6,,6148545.00,5816770.00,331775.00,5816770.00,3238671.00,1833987.00,17266.00,1735.00,68,182,183,397087.00,104390.00,85918.00,50231.00,6847.00,47867.00,25874.00,75960.00,2928.00,870,762,336,960,326831.00,331775.00,82091.00,21223.00,54090.00,12163.00,,6148545.00,3519130.00,1983397.00,73341.00,479967.00,11319.00,450540.00,,6148545.00,650357.00,102581.00,61144.00,14821.00,471811.00,5498188.00,3035807.00,1806220.00,9657.00,394720.00,2102.00,27751.00,221931.00,28181.00,193750.00,2516341.00,,4388181.00,2097895.00,2290286.00
Massachusetts,6991852.00,3413174.00,3578678.00,95.4,357943.00,371837.00,405900.00,466649.00,486655,990623,873396,919430,499884,463504,5835821,682920.00,314284.00,158827.00,39.6,1389724.00,5773906.00,5602128.00,5288828.00,1430418.00,1156031.00,5602128.00,2701656.00,2900472.00,93.1,1156031.00,507819.00,648212.00,78.3,,6991852.00,6540172.00,451680.00,6540172.00,5211704.00,511394.00,14939.00,480,69,187,141,480944.00,121997.00,177658.00,14607.00,9794.00,24953.00,52841.00,79094.00,2406.00,994,550,298,564,318785.00,451680.00,86974.00,21718.00,59660.00,6288.00,,6991852.00,5600435.00,687742.00,59748.00,559246.00,10685.00,576287.00,,6991852.00,864202.00,48495.00,332682.00,16354.00,466671.00,6127650.00,4871674.00,467943.00,7977.00,477667.00,1910.00,65840.00,234639.00,74257.00,160382.00,2979634.00,,5105070.00,2449766.00,2655304.00
Michigan,10062512.00,4983325.00,5079187.00,98.1,564817.00,594919.00,634193.00,662727.00,682724,1299035,1192280,1282178,711087,705496,8329456,1046906.00,478070.00,208080.00,39.8,2188856.00,8136493.00,7873656.00,7461419.00,2147179.00,1733056.00,7873656.00,3860559.00,4013097.00,96.2,1733056.00,784751.00,948305.00,82.8,,10062512.00,9599143.00,463369.00,9599143.00,7715291.00,1368177.00,48361.00,2152.00,19341.00,339,342,322218.00,118224.00,57159.00,25221.00,13377.00,27532.00,19060.00,61645.00,2915.00,819,464,509,1123.00,142181.00,463369.00,128477.00,72236.00,62592.00,11844.00,,10062512.00,8147744.00,1543275.00,152454.00,401613.00,11037.00,301969.00,,10062512.00,540036.00,380103.00,50931.00,15142.00,93860.00,9522476.00,7448438.00,1351051.00,39462.00,319960.00,2546.00,27336.00,333683.00,47456.00,286227.00,4566504.00,,7592246.00,3713704.00,3878542.00
Minnesota,5670472.00,2839135.00,2831337.00,100.3,348468.00,369345.00,380418.00,369931.00,354809,756215,738714,688596,394429,368030,4768955,535592.00,250322.00,115603.00,38.2,1323569.00,4495952.00,4346903.00,4129385.00,1118225.00,901517.00,4346903.00,2162324.00,2184579.00,99.0,901517.00,414507.00,487010.00,85.1,,5670472.00,5411590.00,258882.00,5411590.00,4576758.00,376406.00,52695.00,376,32080.00,448,4752.00,283382.00,45842.00,31928.00,12290.00,4233.00,15003.00,26223.00,147863.00,2338.00,641,314,335,1048.00,120011.00,258882.00,67329.00,44363.00,43081.00,4364.00,,5670472.00,4818641.00,468058.00,114778.00,339054.00,8496.00,200119.00,,5670472.00,319828.00,207539.00,17005.00,6703.00,88581.00,5350644.00,4441935.00,371249.00,46371.00,281572.00,2047.00,17042.00,190428.00,22168.00,168260.00,2470483.00,,4161286.00,2064974.00,2096312.00
Mississippi,2967023.00,1444255.00,1522768.00,94.8,182146.00,188097.00,212611.00,210730.00,199334,380627,372406,364118,192007,192016,2494092,288178.00,137072.00,47681.00,37.8,706054.00,2344417.00,2260969.00,2128379.00,586058.00,472931.00,2260969.00,1083380.00,1177589.00,92.0,472931.00,208362.00,264569.00,78.8,,2967023.00,2897034.00,69989.00,2897034.00,1701989.00,1113414.00,13357.00,699,28,4,112,29092.00,6365.00,4739.00,4617.00,870,1228.00,7971.00,3302.00,1129.00,187,302,132,508,38053.00,69989.00,22673.00,10463.00,7369.00,2170.00,,2967023.00,1765396.00,1144089.00,29230.00,40313.00,3405.00,59369.00,,2967023.00,95643.00,54418.00,10096.00,3207.00,27922.00,2871380.00,1661874.00,1109577.00,11587.00,28758.00,993,6743.00,51848.00,5151.00,46697.00,1317375.00,,2225553.00,1063306.00,1162247.00
Missouri,6141534.00,3027741.00,3113793.00,97.2,367132.00,380122.00,404107.00,401712.00,400642,814351,763084,744131,420482,411935,5107698,611609.00,299669.00,122558.00,38.8,1392375.00,4910777.00,4749159.00,4504629.00,1276025.00,1033836.00,4749159.00,2314221.00,2434938.00,95.0,1033836.00,461558.00,572278.00,80.7,,6141534.00,5862006.00,279528.00,5862006.00,4930466.00,695678.00,19904.00,5133.00,524,603,564,123406.00,32828.00,29147.00,13800.00,3069.00,9340.00,15838.00,19384.00,8468.00,1682.00,884,2524.00,3378.00,84084.00,279528.00,71079.00,51315.00,32089.00,5728.00,,6141534.00,5194182.00,790411.00,88968.00,165575.00,14660.00,185783.00,,6141534.00,271566.00,176642.00,19702.00,7670.00,67552.00,5869968.00,4800763.00,689839.00,15275.00,122395.00,7851.00,16775.00,217070.00,46229.00,170841.00,2782081.00,,4635933.00,2256906.00,2379027.00
Montana,1077978.00,545671.00,532307.00,102.5,60366.00,64963.00,67508.00,66874.00,71805,138091,132841,121522,72740,78814,875524,125468.00,56604.00,20382.00,40.0,232815.00,872599.00,845163.00,803782.00,248576.00,202454.00,845163.00,425570.00,419593.00,101.4,202454.00,97901.00,104553.00,93.6,,1077978.00,1029619.00,48359.00,1029619.00,938223.00,6236.00,65452.00,241,2360.00,484,2344.00,8972.00,780,2046.00,2597.00,861,784,653,1251.00,581,178,23,126,254,10155.00,48359.00,4013.00,19766.00,5711.00,742,,1077978.00,984510.00,12132.00,88093.00,16591.00,2913.00,24868.00,,1077978.00,43877.00,29758.00,2054.00,866,11199.00,1034101.00,916991.00,5339.00,62967.00,8802.00,565,2506.00,36931.00,5728.00,31203.00,512553.00,,835506.00,421457.00,414049.00
Nebraska,1951480.00,978863.00,972617.00,100.6,130400.00,134936.00,139102.00,136774.00,134953,255107,247949,221511,122330,122647,1645709,179998.00,84545.00,41228.00,36.7,485910.00,1519415.00,1465570.00,1383131.00,377129.00,305771.00,1465570.00,728846.00,736724.00,98.9,305771.00,139059.00,166712.00,83.4,,1951480.00,1851266.00,100214.00,1851266.00,1630376.00,93358.00,17937.00,557,170,240,4262.00,48379.00,8269.00,6433.00,4149.00,1872.00,3086.00,7682.00,16888.00,1175.00,387,472,76,240,60041.00,100214.00,21160.00,12953.00,11402.00,1369.00,,1951480.00,1724781.00,120992.00,36992.00,64180.00,3873.00,106730.00,,1951480.00,224693.00,161377.00,7009.00,5395.00,50912.00,1726787.00,1515645.00,91326.00,13017.00,47885.00,980,3899.00,54035.00,5420.00,48615.00,840802.00,,1391772.00,689553.00,702219.00
Nevada,3059238.00,1541789.00,1517449.00,101.6,181429.00,190962.00,204174.00,185258.00,180697,442799,413310,396434,198224,183544,2576831,301849.00,136718.00,43840.00,38.3,694030.00,2443108.00,2365208.00,2259599.00,591398.00,482407.00,2365208.00,1186819.00,1178389.00,100.7,482407.00,228939.00,253468.00,90.3,,3059238.00,2743982.00,315256.00,2743982.00,1799601.00,284412.00,37850.00,1781.00,278,2221.00,749,255094.00,17420.00,40497.00,130708.00,12395.00,14084.00,13938.00,26052.00,21810.00,8596.00,3621.00,4331.00,5262.00,345215.00,315256.00,37378.00,20666.00,42940.00,3487.00,,3059238.00,2081369.00,350048.00,75179.00,329669.00,45785.00,519881.00,,3059238.00,897415.00,670146.00,29605.00,34862.00,162802.00,2161823.00,1442883.00,273070.00,23229.00,249400.00,19821.00,13613.00,139807.00,17122.00,122685.00,1269846.00,,2099147.00,1053866.00,1045281.00
New Hampshire,1372175.00,683846.00,688329.00,99.3,63509.00,68766.00,78993.00,88329.00,86472,171559,160635,187228,112805,103743,1122039,154122.00,67763.00,28251.00,43.0,260615.00,1144768.00,1111560.00,1054041.00,309811.00,250136.00,1111560.00,550345.00,561215.00,98.1,250136.00,115777.00,134359.00,86.2,,1372175.00,1321285.00,50890.00,1321285.00,1249067.00,21834.00,1988.00,242,34,77,15,36625.00,10872.00,7703.00,3049.00,820,2596.00,3133.00,8452.00,513,168,222,77,46,11258.00,50890.00,8819.00,7956.00,10281.00,189,,1372175.00,1297158.00,34370.00,11567.00,48622.00,1707.00,32333.00,,1372175.00,55915.00,10183.00,18359.00,2302.00,25071.00,1316260.00,1220505.00,18705.00,1452.00,36507.00,402,2921.00,35768.00,7912.00,27856.00,636480.00,,1079642.00,534242.00,545400.00
New Jersey,9234024.00,4539311.00,4694713.00,96.7,530376.00,557847.00,590073.00,584965.00,559157,1179836,1197006,1265171,667696,607381,7739508,866918.00,428642.00,198956.00,40.0,2040442.00,7436293.00,7193582.00,6860646.00,1840980.00,1494516.00,7193582.00,3495699.00,3697883.00,94.5,1494516.00,653101.00,841415.00,77.6,,9234024.00,8616754.00,617270.00,8616754.00,5787873.00,1225321.00,24719.00,1242.00,30,226,152,900516.00,409982.00,159030.00,116127.00,13423.00,98046.00,21626.00,82282.00,3303.00,722,813,430,1338.00,675022.00,617270.00,89782.00,19932.00,64967.00,8122.00,,9234024.00,6328553.00,1398406.00,77404.00,1002672.00,12782.00,1075527.00,,9234024.00,1924503.00,223440.00,483170.00,97261.00,1120632.00,7309521.00,4966842.00,1158820.00,8873.00,894646.00,2196.00,52524.00,225620.00,49948.00,175672.00,3738342.00,,6384667.00,3086484.00,3298183.00
New Mexico,2109366.00,1048448.00,1060918.00,98.8,120716.00,132955.00,146685.00,142194.00,140177,280505,260723,241097,136314,138459,1739825,224882.00,103127.00,41532.00,38.3,485326.00,1682568.00,1624040.00,1538573.00,450474.00,369541.00,1624040.00,801085.00,822955.00,97.3,369541.00,170198.00,199343.00,85.4,,2109366.00,1847902.00,261464.00,1847902.00,1364638.00,44792.00,197712.00,1049.00,287,121573.00,659,34313.00,4070.00,6422.00,9730.00,1743.00,2559.00,5242.00,4547.00,1705.00,785,338,189,393,204742.00,261464.00,12769.00,23284.00,10987.00,2431.00,,2109366.00,1612464.00,66667.00,239040.00,51047.00,4873.00,410279.00,,2109366.00,1046411.00,682606.00,10666.00,5206.00,347933.00,1062955.00,759917.00,37848.00,180121.00,31382.00,1145.00,6663.00,45879.00,6332.00,39547.00,937397.00,,1522109.00,748253.00,773856.00
New York,20114745.00,9821711.00,10293034.00,95.4,1154376.00,1131385.00,1207089.00,1243126.00,1297689,2904643,2545476,2597124,1392050,1311628,16784586,1929865.00,948788.00,451506.00,39.2,4217396.00,16383427.00,15897349.00,15125983.00,4082609.00,3330159.00,15897349.00,7662421.00,8234928.00,93.0,3330159.00,1451787.00,1878372.00,77.3,,20114745.00,18914032.00,1200713.00,18914032.00,12215118.00,3058846.00,83734.00,2541.00,602,360,318,1739196.00,384745.00,733860.00,116148.00,35787.00,120360.00,30679.00,317617.00,9131.00,3217.00,1180.00,925,3809.00,1808007.00,1200713.00,208380.00,58494.00,138184.00,21901.00,,20114745.00,13172752.00,3516877.00,234614.00,1962674.00,34708.00,2501297.00,,20114745.00,3871753.00,481280.00,1090033.00,82308.00,2218132.00,16242992.00,10993176.00,2797225.00,40379.00,1723110.00,5024.00,140335.00,543743.00,126787.00,416956.00,8449178.00,,14182047.00,6802513.00,7379534.00
North Carolina,10367022.00,5067666.00,5299356.00,95.6,594004.00,627382.00,675846.00,698427.00,686487,1376001,1310998,1361474,690624,659544,8680787,1030725.00,474201.00,181309.00,39.0,2302315.00,8336531.00,8064707.00,7624346.00,2071321.00,1686235.00,8064707.00,3891027.00,4173680.00,93.2,1686235.00,746168.00,940067.00,79.4,,10367022.00,9866564.00,500458.00,9866564.00,6865508.00,2193147.00,113719.00,14746.00,601,598,372,314690.00,110320.00,50298.00,26246.00,7573.00,22382.00,34725.00,63146.00,7119.00,2244.00,1981.00,863,2031.00,372381.00,500458.00,125941.00,57370.00,49411.00,19567.00,,10367022.00,7310440.00,2392313.00,217203.00,390139.00,20145.00,578504.00,,10367022.00,1016730.00,545167.00,118113.00,29624.00,323826.00,9350292.00,6433921.00,2160554.00,98911.00,312111.00,6060.00,33426.00,305309.00,30441.00,274868.00,4673933.00,,7615601.00,3656483.00,3959118.00
North Dakota,773344.00,397093.00,376251.00,105.5,53417.00,52305.00,50743.00,50587.00,62395,114503,94808,80914,48478,46996,655146,67692.00,33554.00,16952.00,35.2,184458.00,607971.00,588886.00,553413.00,145240.00,118198.00,588886.00,302450.00,286436.00,105.6,118198.00,54879.00,63319.00,86.7,,773344.00,743545.00,29799.00,743545.00,656584.00,24349.00,39103.00,257,14753.00,614,11178.00,12313.00,1983.00,1336.00,2451.00,466,1274.00,798,4005.00,1194.00,479,148,134,433,10002.00,29799.00,4577.00,11900.00,3511.00,353,,773344.00,685097.00,30520.00,52961.00,16687.00,1987.00,17862.00,,773344.00,31926.00,19885.00,3684.00,278,8079.00,741418.00,642956.00,23887.00,37016.00,12231.00,1180.00,1591.00,22557.00,2912.00,19645.00,370111.00,,571023.00,293345.00,277678.00
Ohio,11769923.00,5800004.00,5969919.00,97.2,689126.00,712811.00,764371.00,777556.00,748606,1543258,1430057,1478888,821573,798875,9765121,1196942.00,563390.00,244470.00,39.4,2629989.00,9449482.00,9139934.00,8664868.00,2466324.00,2004802.00,9139934.00,4453915.00,4686019.00,95.0,2004802.00,891567.00,1113235.00,80.1,,11769923.00,11267531.00,502392.00,11267531.00,9374538.00,1452530.00,18416.00,3420.00,513,204,337,276828.00,97629.00,59710.00,22225.00,10486.00,15451.00,15966.00,55361.00,3899.00,1114.00,450,601,1734.00,141320.00,502392.00,193796.00,55763.00,59132.00,12270.00,,11769923.00,9839507.00,1703313.00,108909.00,357647.00,16395.00,285554.00,,11769923.00,480347.00,212054.00,137966.00,10859.00,119468.00,11289576.00,9152826.00,1432646.00,11239.00,274662.00,3407.00,32171.00,382625.00,44709.00,337916.00,5232733.00,,8909366.00,4331266.00,4578100.00
Oklahoma,3948136.00,1964927.00,1983209.00,99.1,252929.00,266855.00,279147.00,269963.00,271501,535616,503103,459972,250962,242256,3332304,367032.00,182204.00,66596.00,36.8,961070.00,3094226.00,2987066.00,2818973.00,759163.00,615832.00,2987066.00,1473458.00,1513608.00,97.3,615832.00,277310.00,338522.00,81.9,,3948136.00,3554749.00,393387.00,3554749.00,2752553.00,284536.00,303792.00,119936.00,433,1212.00,1276.00,88601.00,16791.00,11810.00,7029.00,2161.00,5630.00,20475.00,24705.00,6760.00,1240.00,466,410,4644.00,118507.00,393387.00,47619.00,200897.00,20036.00,17061.00,,3948136.00,3119450.00,369304.00,545381.00,119454.00,12662.00,202494.00,,3948136.00,443914.00,351420.00,16068.00,3335.00,73091.00,3504222.00,2533380.00,278454.00,285097.00,87388.00,6155.00,9148.00,304600.00,12453.00,292147.00,1741721.00,,2852278.00,1401083.00,1451195.00
Oregon,4207177.00,2096429.00,2110748.00,99.3,223615.00,241313.00,257073.00,251743.00,262037,592788,575671,517524,263898,278390,3464052,461354.00,198601.00,83170.00,39.6,873486.00,3434262.00,3333691.00,3179562.00,908316.00,743125.00,3333691.00,1647993.00,1685698.00,97.8,743125.00,343287.00,399838.00,85.9,,4207177.00,3881565.00,325612.00,3881565.00,3394838.00,77913.00,46075.00,3510.00,1029.00,1145.00,1430.00,186724.00,29032.00,42460.00,21153.00,13044.00,16751.00,31997.00,32287.00,17272.00,3943.00,1801.00,1816.00,9712.00,158743.00,325612.00,36616.00,71225.00,56177.00,1212.00,,4207177.00,3704064.00,129985.00,139496.00,265718.00,37159.00,289198.00,,4207177.00,570511.00,456619.00,15171.00,8142.00,90579.00,3636666.00,3116280.00,74010.00,32890.00,184235.00,16380.00,13684.00,199187.00,26700.00,172487.00,1798864.00,,3135105.00,1543471.00,1591634.00
Pennsylvania,12970650.00,6394217.00,6576433.00,97.2,700792.00,733404.00,789343.00,831360.00,804254,1701098,1558578,1650190,924182,915659,10608860,1374891.00,666554.00,320345.00,40.8,2704482.00,10587037.00,10266168.00,9746827.00,2899832.00,2361790.00,10266168.00,5008302.00,5257866.00,95.3,2361790.00,1047887.00,1313903.00,79.8,,12970650.00,12415449.00,555201.00,12415449.00,10153752.00,1425210.00,20511.00,1921.00,229,156,306,460932.00,148727.00,115751.00,27819.00,5664.00,37797.00,40997.00,84177.00,4426.00,1582.00,720,386,1738.00,350618.00,555201.00,164463.00,39423.00,66968.00,11985.00,,12970650.00,10649066.00,1671496.00,99345.00,555182.00,15768.00,583126.00,,12970650.00,1023055.00,166899.00,479824.00,24878.00,351454.00,11947595.00,9734303.00,1360025.00,9708.00,457712.00,2763.00,39283.00,343801.00,54750.00,289051.00,5728788.00,,9893009.00,4813225.00,5079784.00
Rhode Island,1091949.00,534283.00,557666.00,95.8,55370.00,57333.00,61405.00,74799.00,76427,151218,130860,141011,76853,78087,903363,110114.00,53719.00,24753.00,40.0,212663.00,906304.00,879286.00,824698.00,232863.00,188586.00,879286.00,425349.00,453937.00,93.7,188586.00,82969.00,105617.00,78.6,,1091949.00,1019981.00,71968.00,1019981.00,841181.00,69398.00,4437.00,61,12,0,21,37701.00,9168.00,8667.00,3308.00,825,1803.00,1581.00,12349.00,689,104,387,37,161,66575.00,71968.00,12076.00,4811.00,6744.00,1326.00,,1091949.00,900854.00,95965.00,14451.00,46695.00,2287.00,110307.00,,1091949.00,178673.00,11621.00,47087.00,2020.00,117945.00,913276.00,770700.00,59203.00,2968.00,37153.00,539,8033.00,34680.00,9229.00,25451.00,481168.00,,819450.00,395191.00,424259.00
South Carolina,5078903.00,2474059.00,2604844.00,95.0,285472.00,306986.00,325370.00,330915.00,322989,660600,623443,638085,342145,341401,4177406,561298.00,254150.00,86049.00,39.8,1109803.00,4097365.00,3969100.00,3759873.00,1102774.00,901497.00,3969100.00,1907422.00,2061678.00,92.5,901497.00,404922.00,496575.00,81.5,,5078903.00,4877129.00,201774.00,4877129.00,3334961.00,1328691.00,15595.00,2856.00,105,67,231,83441.00,23071.00,15211.00,13308.00,2823.00,5776.00,10906.00,12346.00,4545.00,1482.00,892,197,1974.00,109896.00,201774.00,61546.00,24657.00,21125.00,6010.00,,5078903.00,3517786.00,1413250.00,54549.00,113685.00,8866.00,184951.00,,5078903.00,306230.00,153251.00,40775.00,10534.00,101670.00,4772673.00,3206780.00,1319130.00,11355.00,82488.00,4324.00,15252.00,133344.00,12780.00,120564.00,2325248.00,,3836604.00,1835194.00,2001410.00
South Dakota,881785.00,446461.00,435324.00,102.6,59538.00,62223.00,61727.00,59943.00,58119,113476,107033,96062,57430,59450,735001,88456.00,39629.00,18699.00,37.1,218698.00,686625.00,663087.00,626786.00,181764.00,146784.00,663087.00,334819.00,328268.00,102.0,146784.00,68936.00,77848.00,88.6,,881785.00,843266.00,38519.00,843266.00,728526.00,19300.00,73296.00,250,469,187,54699.00,12677.00,2409.00,1554.00,2062.00,465,1095.00,675,4417.00,753,130,200,45,378,8714.00,38519.00,4993.00,15417.00,3158.00,779,,881785.00,764992.00,27202.00,91514.00,16983.00,1718.00,20378.00,,881785.00,37618.00,21638.00,3054.00,754,12172.00,844167.00,712735.00,18736.00,70363.00,12579.00,700,1393.00,27661.00,2839.00,24822.00,391857.00,,645570.00,325317.00,320253.00
Tennessee,6859497.00,3362099.00,3497398.00,96.1,405867.00,415626.00,447531.00,438290.00,443703,937154,862987,885621,458189,446339,5741307,683206.00,324326.00,110658.00,38.8,1534243.00,5504783.00,5325254.00,5058420.00,1380140.00,1118190.00,5325254.00,2577501.00,2747753.00,93.8,1118190.00,499601.00,618589.00,80.8,,6859497.00,6597904.00,261593.00,6597904.00,5198206.00,1130608.00,15219.00,3408.00,285,274,283,125581.00,35042.00,22381.00,12576.00,4898.00,9921.00,12522.00,28241.00,4312.00,1447.00,795,700,1370.00,123978.00,261593.00,74136.00,40920.00,27486.00,4689.00,,6859497.00,5441228.00,1229561.00,70338.00,162434.00,12067.00,221464.00,,6859497.00,395967.00,228525.00,34421.00,13799.00,119222.00,6463530.00,5002855.00,1120548.00,10292.00,124495.00,3518.00,19258.00,182564.00,25706.00,156858.00,3011124.00,,5138918.00,2477536.00,2661382.00
Texas,28862581.00,14398171.00,14464410.00,99.5,1959223.00,2041691.00,2176838.00,2083480.00,1981880,4180029,3979307,3575796,1707087,1556452,25241783,2233217.00,1003614.00,383967.00,35.0,7446176.00,22261181.00,21416405.00,20202923.00,4521104.00,3620798.00,21416405.00,10595112.00,10821293.00,97.9,3620798.00,1633318.00,1987480.00,82.2,,28862581.00,25710496.00,3152085.00,25710496.00,18566027.00,3499862.00,147892.00,13135.00,841,4645.00,1547.00,1452713.00,452909.00,223503.00,137238.00,24870.00,80664.00,279424.00,254105.00,24608.00,5683.00,7085.00,4016.00,7824.00,2019394.00,3152085.00,247333.00,168796.00,162898.00,22496.00,,28862581.00,21574802.00,3902797.00,428337.00,1705370.00,63037.00,4475828.00,,28862581.00,11479932.00,9605740.00,228286.00,104081.00,1541825.00,17382649.00,11745032.00,3401742.00,55658.00,1433683.00,21282.00,72621.00,652631.00,81120.00,571511.00,11433880.00,,18729813.00,9207446.00,9522367.00
Utah,3231370.00,1633843.00,1597527.00,102.3,245639.00,266567.00,272709.00,259821.00,264774,470489,449006,337187,155436,151574,2873202,220564.00,101510.00,36094.00,31.3,946063.00,2391727.00,2285307.00,2137630.00,446394.00,358168.00,2285307.00,1147709.00,1137598.00,100.9,358168.00,168310.00,189858.00,88.7,,3231370.00,3049012.00,182358.00,3049012.00,2704561.00,38545.00,33242.00,724,96,14703.00,550,75530.00,11541.00,14268.00,9131.00,5678.00,5654.00,9381.00,19877.00,29086.00,1976.00,873,8808.00,17429.00,168048.00,182358.00,15417.00,20001.00,31412.00,889,,3231370.00,2875805.00,63920.00,64425.00,118986.00,52444.00,256769.00,,3231370.00,465832.00,326764.00,12716.00,3830.00,122522.00,2765538.00,2497463.00,35281.00,26012.00,74090.00,28407.00,8841.00,95444.00,11817.00,83627.00,1133558.00,,2143417.00,1075488.00,1067929.00
Vermont,641637.00,318533.00,323104.00,98.6,29168.00,32564.00,35158.00,43586.00,46698,75375,74504,81221,48114,50118,516506,77359.00,34149.00,13623.00,42.7,118889.00,537475.00,522748.00,490048.00,154855.00,125131.00,522748.00,256726.00,266022.00,96.5,125131.00,58154.00,66977.00,86.8,,641637.00,620015.00,21622.00,620015.00,596282.00,8166.00,1520.00,32,14,59,12,10759.00,1858.00,2853.00,932,382,997,510,3227.00,165,89,0,6,70,3123.00,21622.00,3450.00,5624.00,4292.00,405,,641637.00,616685.00,13457.00,8470.00,15767.00,564,9581.00,,641637.00,13368.00,3975.00,2250.00,792,6351.00,628269.00,589575.00,7643.00,1152.00,10630.00,147,1208.00,17914.00,3322.00,14592.00,333519.00,,512071.00,251654.00,260417.00
Virginia,8582479.00,4245281.00,4337198.00,97.9,501494.00,518860.00,546960.00,561964.00,570680,1175445,1136245,1119597,583198,539436,7253879,803270.00,381237.00,144093.00,38.5,1892752.00,6903607.00,6689727.00,6332302.00,1637327.00,1328600.00,6689727.00,3274786.00,3414941.00,95.9,1328600.00,594392.00,734208.00,81.0,,8582479.00,8079139.00,503340.00,8079139.00,5574307.00,1631941.00,24007.00,2592.00,514,396,188,578210.00,154333.00,78587.00,76614.00,11055.00,74569.00,61152.00,121900.00,5313.00,1441.00,1803.00,884,1185.00,265361.00,503340.00,124242.00,37228.00,90607.00,12674.00,,8582479.00,6024697.00,1826176.00,101008.00,705351.00,19226.00,456621.00,,8582479.00,840248.00,190142.00,108327.00,22602.00,519177.00,7742231.00,5200759.00,1601041.00,13983.00,573860.00,4423.00,32689.00,315476.00,30671.00,284805.00,3596100.00,,6256028.00,3061042.00,3194986.00
Washington,7617364.00,3831964.00,3785400.00,101.2,449543.00,473106.00,479107.00,458844.00,478112,1152156,1044100,939276,480723,484625,6439592,732246.00,314679.00,130847.00,37.9,1680460.00,6120915.00,5936904.00,5663680.00,1465036.00,1177772.00,5936904.00,2971080.00,2965824.00,100.2,1177772.00,542528.00,635244.00,85.4,,7617364.00,6961770.00,655594.00,6961770.00,5465011.00,293401.00,90789.00,2761.00,2048.00,1781.00,1561.00,682711.00,133439.00,157137.00,110300.00,36248.00,66682.00,80038.00,98867.00,50902.00,7316.00,10639.00,15767.00,17180.00,378956.00,655594.00,93950.00,101356.00,146511.00,7323.00,,7617364.00,6071221.00,440529.00,237274.00,888309.00,99061.00,604365.00,,7617364.00,1007881.00,782899.00,39291.00,11637.00,174054.00,6609483.00,5063850.00,283174.00,69496.00,675966.00,49088.00,29227.00,438682.00,42065.00,396617.00,3170695.00,,5413415.00,2701021.00,2712394.00
West Virginia,1801049.00,896723.00,904326.00,99.2,93223.00,100375.00,108080.00,110523.00,110934,210924,218005,232672,124666,132772,1442174,217726.00,102538.00,38611.00,42.6,366495.00,1478714.00,1434554.00,1364916.00,438831.00,358875.00,1434554.00,707968.00,726586.00,97.4,358875.00,164810.00,194065.00,84.9,,1801049.00,1745586.00,55463.00,1745586.00,1658405.00,61143.00,1911.00,653,48,0,26,13882.00,3562.00,2390.00,2607.00,747,975,1390.00,2211.00,683,255,24,68,336,9562.00,55463.00,18631.00,11211.00,4916.00,480,,1801049.00,1711296.00,83969.00,15656.00,20195.00,2138.00,26519.00,,1801049.00,30196.00,10720.00,6250.00,1238.00,11988.00,1770853.00,1643042.00,60339.00,1786.00,13763.00,660,4426.00,46837.00,9563.00,37274.00,859437.00,,1422143.00,701553.00,720590.00
Wisconsin,5871661.00,2937621.00,2934040.00,100.1,329324.00,353613.00,379887.00,387828.00,393324,735155,728714,732579,427743,406416,4874583,599187.00,274164.00,123727.00,39.6,1292944.00,4731836.00,4578717.00,4339111.00,1234894.00,997078.00,4578717.00,2275271.00,2303446.00,98.8,997078.00,460509.00,536569.00,85.8,,5871661.00,5612184.00,259477.00,5612184.00,4894019.00,372439.00,45831.00,681,14493.00,332,491,166670.00,35003.00,24947.00,11059.00,2780.00,7917.00,6325.00,78639.00,2862.00,568,471,394,1429.00,130363.00,259477.00,59547.00,39401.00,33686.00,3374.00,,5871661.00,5138945.00,450846.00,97998.00,208336.00,7224.00,241951.00,,5871661.00,424598.00,297788.00,63813.00,6571.00,56426.00,5447063.00,4705965.00,364446.00,39457.00,165139.00,2395.00,12531.00,157130.00,21262.00,135868.00,2718369.00,,4437212.00,2200441.00,2236771.00
Wyoming,576641.00,295204.00,281437.00,104.9,34262.00,37814.00,39782.00,37649.00,36972,75736,74849,65218,38554,39265,480101,60497.00,26240.00,9803.00,38.2,134467.00,457128.00,442174.00,419406.00,119370.00,96540.00,442174.00,225900.00,216274.00,104.5,96540.00,46969.00,49571.00,94.8,,576641.00,548204.00,28437.00,548204.00,511179.00,5242.00,12987.00,290,145,484,726,5046.00,641,1324.00,1159.00,441,486,312,683,433,214,104,3,112,13317.00,28437.00,3635.00,6567.00,3283.00,53,,576641.00,538720.00,10089.00,21142.00,9452.00,1427.00,26387.00,,576641.00,59185.00,45277.00,1232.00,220,12456.00,517456.00,478508.00,4811.00,11330.00,4907.00,397,1582.00,15921.00,2630.00,13291.00,271818.00,,431007.00,220173.00,210834.00